name,price,quantity,delivery_date
"Fish - Atlantic Salmon, Cold",247.83,181,2
Beer - Guiness,216.42,188,5
Island Oasis - Lemonade,38.21,139,4
Jagermeister,136.49,154,3
Ocean Spray - Kiwi Strawberry,241.32,119,3
"Pepper - White, Whole",251.58,116,1
Apples - Sliced / Wedge,107.93,160,3
Cheese - Cheddar With Claret,214.4,151,5
"Oil - Shortening,liqud, Fry",177.86,128,4
"Sugar - Sweet N Low, Individual",173.21,131,3
Milkettes - 2%,158.2,118,4
Wine - Ej Gallo Sonoma,62.23,119,5
Sobe - Cranberry Grapefruit,58.23,189,5
Crab Meat Claw Pasteurise,297.15,131,5
Island Oasis - Raspberry,240.32,192,2
"Capon - Breast, Wing On",39.57,112,1
Beans - Yellow,125.49,137,4
"Chocolate - Pistoles, White",73.62,186,5
Venison - Ground,285.36,126,4
Cheese Cheddar Processed,11.15,158,3
"Nut - Almond, Blanched, Whole",179.48,111,1
Squid - U - 10 Thailand,38.45,159,5
Sausage - Andouille,14.08,108,1
Truffle Cups Green,123.48,166,4
Ecolab - Hobart Washarm End Cap,148.66,174,1
Knife Plastic - White,13.45,109,3
"Beets - Candy Cane, Organic",98.15,168,4
Tequila - Sauza Silver,198.0,174,4
Sobe - Green Tea,133.1,191,1
Pork - Sausage Casing,134.67,108,4
Lamb - Loin Chops,150.5,112,5
Cabbage - Savoy,74.57,103,1
Sweet Pea Sprouts,51.89,198,5
"Soup - Knorr, Country Bean",121.7,129,4
Bag Clear 10 Lb,194.91,194,4
Nescafe - Frothy French Vanilla,222.56,142,3
Bread - Focaccia Quarter,217.88,160,1
Chicken - Wieners,198.26,124,1
Salmon Steak - Cohoe 6 Oz,273.69,194,2
Bonito Flakes - Toku Katsuo,273.63,128,4
Vinegar - White,95.31,152,5
"Roe - Lump Fish, Red",236.3,112,2
"Cheese - Cheddar, Mild",239.47,169,2
Pears - Bartlett,91.43,157,4
"Artichoke - Hearts, Canned",53.54,143,4
"Coffee - Colombian, Portioned",40.0,124,1
Longos - Burritos,243.54,118,5
Rice - 7 Grain Blend,266.8,199,2
Cookie Dough - Chunky,78.95,169,1
Vinegar - Rice,195.21,104,3
Icecream Cone - Areo Chocolate,183.07,131,2
Dried Apple,140.18,129,5
Beef Flat Iron Steak,207.81,129,4
Ginger - Crystalized,213.56,168,5
Sansho Powder,13.78,163,2
Soup - Campbells Pasta Fagioli,140.36,110,2
Durian Fruit,236.63,149,1
Brandy - Bar,111.97,170,4
Sunflower Seed Raw,259.33,189,3
"Beef - Rouladin, Sliced",187.21,115,5
Lamb - Bones,169.56,162,4
Sunflower Seed Raw,24.19,171,4
"Mushroom - Chantrelle, Fresh",86.33,184,3
Soup - Campbells Chili,139.46,150,1
Beer - Muskoka Cream Ale,156.52,175,1
Orange - Blood,38.17,118,3
Shrimp - Black Tiger 6 - 8,225.85,188,3
Milk - 2%,56.63,124,5
"Cheese - Cheddar, Mild",150.15,126,3
Tea - Lemon Green Tea,264.66,115,2
Bread - Pain Au Liat X12,12.66,172,4
Tuna - Sushi Grade,168.93,143,2
Wine - Shiraz Wolf Blass Premium,189.74,145,3
Tea - Jasmin Green,162.78,117,2
Kahlua,256.43,143,2
Thyme - Dried,217.71,153,2
Pepper - Red Thai,177.39,184,3
Food Colouring - Pink,290.77,200,5
Red Cod Fillets - 225g,235.41,160,4
Grapes - Red,216.17,164,5
"Cheese - Cheddar, Medium",203.23,143,2
Red Currants,169.93,153,5
Instant Coffee,172.6,181,4
Cheese - Goat With Herbs,18.0,131,5
Cranberries - Fresh,281.66,125,4
Mangoes,241.91,188,1
Coffee - Frthy Coffee Crisp,137.04,112,3
Veal - Sweetbread,49.71,173,3
Wine - Shiraz Wolf Blass Premium,245.78,126,4
Juice Peach Nectar,174.7,103,4
Melon - Honey Dew,5.46,197,3
Everfresh Products,260.94,169,4
Thyme - Dried,65.21,103,5
Wine - Pinot Noir Mondavi Coastal,34.28,128,5
Breadfruit,286.54,171,4
Icecream - Dibs,196.15,136,3
Praline Paste,270.35,124,2
Cake - Lemon Chiffon,298.65,161,2
Lime Cordial - Roses,65.99,184,4
Shrimp - Black Tiger 8 - 12,141.47,153,1
Bagel - Everything,93.55,158,2
Compound - Orange,132.84,174,2
Oil - Macadamia,236.56,192,3
Glove - Cutting,225.47,188,4
"Juice - Tomato, 10 Oz",196.56,151,5
"Chicken - Base, Ultimate",98.22,168,4
Garbage Bag - Clear,176.11,182,4
Apple - Macintosh,92.72,187,1
Gatorade - Cool Blue Raspberry,94.85,174,5
Chinese Foods - Plain Fried Rice,34.24,158,3
Potatoes - Fingerling 4 Oz,155.25,113,2
Nut - Pumpkin Seeds,198.23,117,5
Salad Dressing,172.22,167,1
"Juice - Apple, 341 Ml",96.73,178,1
Cake - Miini Cheesecake Cherry,190.8,171,4
Wine - Coteaux Du Tricastin Ac,183.32,200,1
Ice Cream - Turtles Stick Bar,91.05,168,5
Pepper - Scotch Bonnet,62.44,151,5
Jerusalem Artichoke,193.07,181,1
Soup Bowl Clear 8oz92008,298.34,115,1
Urban Zen Drinks,148.36,124,3
Pepper - Chilli Seeds Mild,155.41,175,2
Ginger - Crystalized,85.92,143,3
Truffle - Whole Black Peeled,120.24,133,1
Wine - Maipo Valle Cabernet,197.82,147,3
"Fish - Base, Bouillion",252.22,100,3
Yoplait - Strawbrasp Peac,295.81,181,4
Remy Red Berry Infusion,81.53,105,4
Wine - Rhine Riesling Wolf Blass,141.36,135,3
Sage - Rubbed,215.66,148,3
Soy Protein,246.11,159,5
Cabbage Roll,268.55,165,3
Oil - Shortening - All - Purpose,65.05,160,2
Beer - Sleemans Cream Ale,164.52,185,4
Beef - Inside Round,201.34,163,3
"Bread - Crumbs, Bulk",165.5,129,3
Sour Puss - Tangerine,171.6,187,5
"Doilies - 12, Paper",138.39,136,4
Tea - Lemon Green Tea,216.15,123,4
Creme De Cacao White,65.11,182,1
Pork Salted Bellies,228.76,163,4
The Pop Shoppe - Root Beer,203.75,183,1
Muffin - Zero Transfat,18.64,157,1
"Rice Pilaf, Dry,package",95.5,114,4
Mix - Cocktail Strawberry Daiquiri,255.61,171,5
"Ranchero - Primerba, Paste",171.06,155,1
Cheese - Brick With Onion,231.75,181,1
Pasta - Cheese / Spinach Bauletti,161.01,152,3
"Pasta - Cappellini, Dry",173.26,121,5
Sausage - Meat,205.49,152,2
Ice Cream Bar - Hageen Daz To,90.67,175,4
Sausage - Andouille,128.67,173,2
"Tomatoes - Vine Ripe, Red",67.97,115,3
Versatainer Nc - 888,104.26,179,4
French Kiss Vanilla,80.92,140,5
Chocolate - Semi Sweet,20.45,123,2
"Pork - Loin, Center Cut",97.16,114,3
Olives - Nicoise,98.25,183,5
Chicken Breast Halal,172.5,197,5
Bread Cranberry Foccacia,67.42,158,1
Lamb Shoulder Boneless Nz,83.24,154,4
Wine - Black Tower Qr,251.7,167,2
"Napkin - Dinner, White",49.35,176,2
Foam Cup 6 Oz,225.52,163,1
Rabbit - Whole,85.46,164,5
"Mushroom - Chanterelle, Dry",217.19,163,5
"Nestea - Ice Tea, Diet",67.86,151,1
Milkettes - 2%,69.63,195,4
Sprouts - Baby Pea Tendrils,28.93,126,3
Muffin Mix - Raisin Bran,257.36,185,5
Cheese - Pont Couvert,109.04,167,4
Soup - French Onion,257.05,115,4
Garbag Bags - Black,188.05,124,2
The Pop Shoppe Pinapple,181.39,158,5
Tomatoes - Hot House,101.55,129,4
"Tarragon - Primerba, Paste",247.04,148,1
"Soup - Cream Of Broccoli, Dry",295.67,167,4
Eggplant - Asian,43.3,107,3
Energy - Boo - Koo,12.61,119,5
Muffins - Assorted,12.29,149,4
"Bread - Roll, Soft White Round",139.33,115,5
Wine - Sauvignon Blanc Oyster,295.38,160,1
"Yogurt - Blueberry, 175 Gr",266.15,167,1
"Vodka - Hot, Lnferno",138.75,196,5
Pastry - Key Limepoppy Seed Tea,146.6,176,3
Fruit Salad Deluxe,110.47,100,1
Lamb - Loin Chops,138.62,139,1
Wine - Casillero Del Diablo,288.33,180,3
Lettuce - Romaine,74.86,125,5
Toothpick Frilled,213.49,124,2
Broom Handle,277.68,135,3
"C - Plus, Orange",116.84,103,1
Cake - Cake Sheet Macaroon,146.39,116,1
Mace Ground,108.28,174,4
Trout Rainbow Whole,221.44,184,1
Jameson Irish Whiskey,65.4,188,2
Yeast Dry - Fermipan,285.28,158,1
Soup - Campbells Broccoli,289.0,192,4
Grand Marnier,67.28,151,2
Okra,295.28,104,5
Pepper - Cayenne,168.37,152,3
"Cheese - Cheddar, Mild",14.12,151,2
"Pork - Loin, Bone - In",285.72,173,2
Cheese - Bocconcini,112.86,127,3
Cheese - Feta,217.72,139,4
Wine - Merlot Vina Carmen,9.35,172,2
"Wine - Bourgogne 2002, La",137.74,105,2
Beans - Fava Fresh,85.58,132,3
Muffin Batt - Ban Dream Zero,188.94,104,5
Roe - White Fish,248.85,107,3
Pie Filling - Cherry,78.96,140,4
Sachet,88.05,135,2
"Veal - Round, Eye Of",170.3,116,3
Beef - Striploin,253.53,100,3
Vinegar - Tarragon,66.93,148,4
"Olives - Black, Pitted",24.75,191,1
Cranberries - Fresh,158.4,102,1
Pie Shell - 9,266.46,113,3
Cheese - Blue,39.91,191,3
Chicken - Leg / Back Attach,177.64,143,3
Squash - Guords,47.4,136,4
"Shrimp - Baby, Warm Water",25.27,113,1
Bread - White Epi Baguette,227.64,106,5
Pastry - Banana Muffin - Mini,277.35,116,1
Sherbet - Raspberry,96.52,141,4
Tea - Jasmin Green,184.85,137,5
Capers - Pickled,105.15,137,5
Lettuce - Radicchio,87.06,164,3
Bread - Raisin Walnut Oval,54.72,191,5
Honey - Liquid,287.34,172,1
Sterno - Chafing Dish Fuel,251.63,133,5
Table Cloth 90x90 White,14.37,142,1
The Pop Shoppe - Root Beer,170.27,113,4
Blackberries,299.99,135,1
Corn Shoots,79.5,108,1
V8 Splash Strawberry Banana,226.43,136,3
Bread - Raisin Walnut Pull,288.64,193,4
Sauce - Marinara,147.4,183,5
Extract - Lemon,70.83,166,4
Haggis,91.6,171,3
Vanilla Beans,146.18,133,5
Nantucket Cranberry Juice,27.68,184,4
Wood Chips - Regular,297.45,141,4
Clams - Canned,141.5,147,3
"Sparkling Wine - Rose, Freixenet",89.97,174,5
"Soup - Campbells, Chix Gumbo",130.11,134,4
Cumin - Whole,157.18,187,5
"Wine - Bourgogne 2002, La",112.94,144,2
Sterno - Chafing Dish Fuel,102.07,183,3
Wine - Carmenere Casillero Del,294.98,196,1
"Wine - Mas Chicet Rose, Vintage",146.68,143,3
Beef - Top Butt Aaa,16.36,145,3
Eel Fresh,276.05,125,1
Sage - Ground,253.91,148,4
Oil - Olive Bertolli,91.75,100,2
Barramundi,203.28,121,2
Sauce - Cranberry,201.14,116,2
Cake - French Pear Tart,224.09,137,2
Muffin Hinge - 211n,229.14,149,3
Mushroom - Crimini,74.45,130,4
Pail For Lid 1537,155.05,154,1
"Tart Shells - Sweet, 4",182.11,128,4
Anchovy Fillets,213.08,148,1
Cream - 35%,30.42,199,3
Nantucket - Carrot Orange,291.21,141,2
Durian Fruit,297.5,157,5
Muffin - Bran Ind Wrpd,207.32,180,1
Arctic Char - Fillets,212.36,161,3
Beef Tenderloin Aaa,267.18,108,2
Flour - Semolina,205.68,104,1
Cloves - Whole,293.32,176,1
Ostrich - Prime Cut,195.6,103,3
Nori Sea Weed,26.46,103,2
Lettuce - Arugula,121.65,167,3
"Stock - Chicken, White",158.85,123,1
"Soup - Campbells, Minestrone",121.66,159,3
Pasta - Ravioli,252.07,177,2
Bread - English Muffin,243.74,194,2
General Purpose Trigger,119.94,142,5
Glass Clear 7 Oz Xl,13.68,168,1
"Butter - Salted, Micro",125.52,132,1
Veal - Kidney,108.23,133,2
Cookies Cereal Nut,285.3,173,2
"Chicken - Leg, Fresh",194.37,126,2
Flower - Dish Garden,267.65,103,4
Star Fruit,6.21,159,4
"Dill - Primerba, Paste",162.58,118,2
Cookie Dough - Double,275.07,110,5
"Lamb - Whole, Fresh",163.23,147,5
Calypso - Strawberry Lemonade,55.17,151,3
Sauce - Roasted Red Pepper,66.14,130,1
Crackers - Melba Toast,275.29,193,4
"Sauce - Soya, Dark",124.74,102,4
"Nut - Pistachio, Shelled",207.14,164,3
Initation Crab Meat,75.82,197,5
Vinegar - Sherry,258.38,169,4
Herb Du Provence - Primerba,148.06,186,4
Muffin Hinge Container 6,94.75,115,1
Yogurt - Assorted Pack,126.0,115,5
Chick Peas - Dried,125.63,111,2
Muffins - Assorted,267.49,113,3
"Shrimp, Dried, Small / Lb",58.87,115,2
Chocolate Bar - Oh Henry,248.59,156,5
"Capon - Breast, Double, Wing On",276.16,193,2
Sesame Seed Black,256.32,141,4
Ocean Spray - Kiwi Strawberry,124.77,115,4
Peppercorns - Pink,172.2,147,2
Lobster - Base,18.96,108,5
Cognac - Courvaisier,206.31,167,5
Beer - Tetleys,143.07,127,1
Spice - Pepper Portions,20.04,185,5
Chips - Assorted,186.8,183,4
Chocolate - Milk Coating,80.39,181,3
Spice - Greek 1 Step,236.42,136,5
Oil - Avocado,261.41,115,2
Towel - Roll White,146.12,101,3
Parsley Italian - Fresh,106.18,178,2
Island Oasis - Peach Daiquiri,212.87,186,1
Sugar - White Packet,104.11,181,5
Nectarines,227.76,153,3
Bagelers - Cinn / Brown,77.58,128,1
Blue Curacao - Marie Brizard,201.16,186,5
Calypso - Pineapple Passion,177.51,189,3
Soho Lychee Liqueur,243.2,150,1
Chocolate Bar - Oh Henry,105.73,190,4
"Potatoes - Purple, Organic",282.44,182,2
Beer - Sleemans Honey Brown,72.96,108,5
Cheese - Swiss Sliced,57.01,120,2
Pie Shell - 9,108.82,178,2
Spinach - Frozen,242.7,152,3
Bread - Italian Sesame Poly,107.26,124,3
Flavouring Vanilla Artificial,25.16,173,2
Cheese - Cream Cheese,151.68,101,3
Flax Seed,218.12,111,2
Schnappes Peppermint - Walker,121.1,177,4
Oxtail - Cut,218.31,141,3
Triple Sec - Mcguinness,187.83,132,4
"Chicken - Breast, 5 - 7 Oz",264.5,175,1
Cheese - Le Cheve Noir,14.53,126,2
Pork - Ham Hocks - Smoked,91.62,148,3
Puree - Blackcurrant,99.13,180,1
Goulash Seasoning,273.64,132,3
"Corn - Cream, Canned",70.31,200,4
Fudge - Chocolate Fudge,90.55,145,3
Wine - Cotes Du Rhone,226.5,156,5
Canadian Emmenthal,103.62,165,5
Sauce - Hp,199.82,190,1
Shrimp - Black Tiger 16/20,264.45,168,2
Coffee - Decafenated,157.52,157,4
"Bread - Roll, Italian",116.49,122,2
Cod - Fillets,214.51,107,2
Table Cloth 62x114 White,174.19,163,3
"Dill - Primerba, Paste",257.38,140,4
Chocolate Eclairs,96.24,102,4
Wine - Vidal Icewine Magnotta,44.93,141,2
Pickle - Dill,66.31,104,3
"Lamb - Loin, Trimmed, Boneless",155.53,123,2
Fiddlehead - Frozen,68.04,198,4
"Flour - Buckwheat, Dark",153.05,133,5
Turkey - Ground. Lean,129.91,151,5
Quail Eggs - Canned,262.98,150,4
Muffin Batt - Choc Chk,90.94,114,3
Cheese - Grie Des Champ,298.57,128,5
Mace,89.9,136,3
Lettuce - Curly Endive,8.65,104,5
Muffin Mix - Oatmeal,136.02,123,2
Towel Dispenser,294.84,141,1
Chocolate - Compound Coating,228.89,144,4
Tea - Honey Green Tea,222.97,194,2
Crawfish,186.23,106,3
Wine - Vidal Icewine Magnotta,181.01,122,4
"Juice - Cranberry, 341 Ml",68.5,186,4
Pepper - Red Chili,257.78,191,1
"Pasta - Bauletti, Chicken White",6.14,170,5
"Pork - Bacon, Double Smoked",219.82,143,3
Cod - Fillets,279.76,157,3
Mince Meat - Filling,253.58,164,5
"Artichoke - Hearts, Canned",226.16,195,3
Bread - English Muffin,196.6,107,5
Versatainer Nc - 888,213.4,175,4
Eel Fresh,101.87,107,2
Sage - Ground,251.47,102,2
Mustard - Pommery,153.56,107,4
Tomatoes - Yellow Hot House,96.22,177,4
Cheese - Le Cheve Noir,149.51,114,4
Longos - Penne With Pesto,172.99,175,1
Rice - Basmati,21.29,167,1
"Chicken - Diced, Cooked",189.0,151,4
Oil - Peanut,234.94,151,2
Soup - Campbells Pasta Fagioli,63.52,197,3
Hold Up Tool Storage Rack,104.35,177,1
"Leeks - Baby, White",159.14,115,4
Sauce - Hp,162.02,195,1
Juice - Orangina,221.26,111,1
Fennel,285.54,194,1
"Bread - Crumbs, Bulk",260.39,155,3
"Ecolab - Orange Frc, Cleaner",179.82,125,3
Jameson - Irish Whiskey,117.32,197,1
"Stock - Beef, Brown",93.48,122,5
Sugar - Splenda Sweetener,208.3,160,5
Nantucket - Carrot Orange,299.86,167,1
Horseradish Root,111.25,129,3
Spaghetti Squash,80.3,115,5
Oyster - In Shell,5.51,162,1
"Nut - Walnut, Chopped",211.08,181,3
Flavouring - Rum,40.02,113,4
Oil - Cooking Spray,64.03,116,1
Chives - Fresh,143.95,175,2
Pepper - Sorrano,213.64,116,1
Rice - 7 Grain Blend,269.92,106,3
Silicone Paper 16.5x24,142.28,152,2
Quail - Jumbo Boneless,298.82,114,5
Tomatoes - Cherry,238.53,139,1
Versatainer Nc - 8288,141.86,162,1
Truffle - Whole Black Peeled,51.1,149,3
Container - Hngd Cll Blk 7x7x3,232.28,115,4
Couscous,78.83,135,1
Sprouts - Corn,10.79,120,4
Coffee - Decafenated,273.58,199,2
"Pasta - Rotini, Colour, Dry",186.36,139,5
"Pork - Bacon, Double Smoked",201.29,133,5
Cardamon Seed / Pod,186.95,123,2
Yogurt - Plain,278.62,184,4
Beef - Ox Tongue,267.45,148,2
Lamb - Sausage Casings,61.84,186,5
"Beef - Roasted, Cooked",114.43,161,1
"Lettuce - Romaine, Heart",184.91,177,4
Cookies - Assorted,268.37,190,4
Flour - All Purpose,101.56,129,1
"Juice - Grapefruit, 341 Ml",197.28,125,5
Beets - Golden,293.84,159,2
"Nut - Pine Nuts, Whole",104.22,170,5
Tea - Herbal I Love Lemon,108.52,158,5
"Pepper - Red, Finger Hot",98.51,196,5
Canadian Emmenthal,250.73,152,2
"Beef - Kindney, Whole",75.04,197,2
Oven Mitts 17 Inch,186.87,130,4
"Mushroom - Chanterelle, Dry",199.14,100,4
Bread - Wheat Baguette,50.24,103,2
Salt - Table,199.37,194,2
Eggplant - Regular,171.21,143,1
Dry Ice,278.56,106,1
Cheese - Swiss Sliced,63.85,194,4
Grapes - Black,54.42,136,3
Beer - Sleeman Fine Porter,258.51,165,4
Wine - Cotes Du Rhone,249.29,100,3
Cloves - Whole,156.85,149,5
Tumeric,238.74,105,5
"Wine - White, Chardonnay",199.64,173,1
Bread - Petit Baguette,246.71,149,4
Lettuce - Baby Salad Greens,8.55,113,3
Shrimp - Black Tiger 8 - 12,218.96,200,5
Milk Powder,208.41,158,2
Cookie Dough - Double,128.46,118,1
Bread - Italian Sesame Poly,156.18,104,2
Pork - Smoked Back Bacon,40.97,197,5
"Appetizer - Spring Roll, Veg",82.74,179,5
"Vermacelli - Sprinkles, Assorted",166.09,114,3
"Arctic Char - Fresh, Whole",276.89,165,1
Madeira,10.48,193,2
Spic And Span All Purpose,75.28,164,3
Whmis - Spray Bottle Trigger,192.66,189,3
"Soup - Knorr, Veg / Beef",217.71,194,5
Tequila Rose Cream Liquor,91.15,180,5
Ecolab - Power Fusion,219.99,100,2
Lid Coffeecup 12oz D9542b,99.41,130,4
Food Colouring - Pink,228.1,161,4
Island Oasis - Wildberry,101.75,157,2
Veal - Striploin,155.73,118,5
Pate Pans Yellow,154.75,146,2
Eggplant - Asian,109.23,105,2
Loquat,151.61,107,4
"Pork - Bacon, Sliced",93.47,125,4
Kohlrabi,299.15,153,1
Chicken - Ground,283.17,126,4
Ecolab - Hand Soap Form Antibac,86.31,126,3
Table Cloth 62x114 Colour,198.93,142,1
Lemon Tarts,150.7,103,2
Yoplait - Strawbrasp Peac,11.49,170,4
Muffin Mix - Oatmeal,24.83,130,3
Bonito Flakes - Toku Katsuo,234.39,107,1
"Lid - 10,12,16 Oz",39.92,166,3
Guinea Fowl,98.47,120,1
Duck - Fat,120.03,189,4
Longos - Assorted Sandwich,137.61,125,3
Wine - Spumante Bambino White,297.46,161,5
Magnotta Bel Paese Red,296.94,165,2
Bread - Flat Bread,108.89,167,4
Wine - Acient Coast Caberne,287.82,157,5
Cardamon Seed / Pod,100.45,135,5
Yeast Dry - Fleischman,98.31,194,1
Dc Hikiage Hira Huba,5.93,186,3
Tomatoes - Hot House,41.27,126,1
"Turkey - Breast, Double",115.62,176,3
Lychee - Canned,239.7,103,3
Green Tea Refresher,41.58,105,3
"Napkin - Beverge, White 2 - Ply",23.75,189,1
Amarula Cream,29.26,198,1
Anchovy In Oil,197.69,174,5
Creamers - 10%,116.23,177,4
"Coffee - Colombian, Portioned",234.5,166,5
Wine - George Duboeuf Rose,177.42,198,4
Dry Ice,283.9,142,2
Wine - Montecillo Rioja Crianza,172.45,186,2
"Pasta - Cappellini, Dry",111.76,175,1
Rambutan,85.06,195,3
Chips Potato Reg 43g,248.09,165,1
Veal - Liver,88.17,179,5
Hersey Shakes,162.07,178,1
Fuji Apples,239.97,118,4
"Bread - Roll, Italian",135.5,184,4
"Brownies - Two Bite, Chocolate",9.49,189,4
Towel Dispenser,216.92,110,5
Soup - Campbells Mac N Cheese,127.63,132,1
Red Currants,41.48,182,4
"Sauce - Bernaise, Mix",55.87,163,3
"Pork - Ham, Virginia",212.58,130,1
Mushroom - Crimini,287.17,190,3
Cardamon Ground,126.93,193,2
Snails - Large Canned,257.96,197,1
Scallops - 20/30,40.6,139,2
"Veal - Brisket, Provimi,bnls",142.15,128,3
Soup Campbells - Tomato Bisque,171.28,190,5
Chicken - Livers,30.23,180,2
Wine - Gato Negro Cabernet,137.42,187,3
Pastry - Chocolate Marble Tea,246.13,117,1
"Wine - Red, Cooking",51.57,131,3
Capicola - Hot,128.69,107,5
Cream Of Tartar,22.5,185,2
Chocolate - Milk Coating,132.5,155,2
"Crab - Back Fin Meat, Canned",206.87,135,1
Beef - Inside Round,13.61,140,1
Muffin Mix - Chocolate Chip,121.75,135,4
Veal - Insides Provini,102.5,110,2
Rye Special Old,108.93,116,3
Shallots,87.76,190,2
Beef - Top Sirloin,26.83,150,1
Pork - Hock And Feet Attached,173.45,111,3
Pepper Squash,275.1,168,2
Kohlrabi,256.14,182,4
Broom And Brush Rack Black,196.84,131,2
Bagelers - Cinn / Brown,179.13,141,5
Wiberg Super Cure,268.19,150,2
"Lamb - Leg, Boneless",130.3,158,3
Olives - Morracan Dired,122.89,102,4
Soup - Base Broth Chix,156.09,113,3
Tart - Butter Plain Squares,277.49,144,5
Langers - Cranberry Cocktail,82.65,154,1
Corn - On The Cob,266.37,132,5
Chickhen - Chicken Phyllo,138.16,164,3
Leeks - Large,112.82,148,5
Catfish - Fillets,287.53,157,3
"Stock - Chicken, White",36.3,168,3
Crackers - Graham,204.09,168,3
Flour - Bread,252.7,101,1
Puree - Blackcurrant,14.4,198,2
Carbonated Water - Raspberry,294.46,129,4
Squid - U 5,161.49,185,5
Island Oasis - Banana Daiquiri,290.6,182,2
"Juice - Pineapple, 48 Oz",165.99,189,2
Amaretto,23.39,175,5
Baking Powder,220.08,153,4
"Flour - Bran, Red",192.04,169,5
Cheese - Provolone,253.1,113,2
Mussels - Cultivated,73.92,134,4
Basil - Thai,71.53,170,4
General Purpose Trigger,260.46,185,2
"Bread - Bagels, Plain",60.29,190,4
Onions - Cooking,248.41,167,3
Flower - Commercial Spider,54.41,141,2
Madeira,26.57,123,2
Trueblue - Blueberry 12x473ml,283.12,198,4
Longos - Grilled Chicken With,128.98,134,3
Hand Towel,229.62,147,4
"Tray - Foam, Square 4 - S",80.66,183,3
Flour - Masa De Harina Mexican,24.34,158,2
Appetizer - Sausage Rolls,127.8,142,3
"Wine - Sherry Dry Sack, William",274.7,116,4
"Wine - Magnotta - Red, Baco",243.73,163,2
Compound - Pear,215.08,147,1
Tomato - Peeled Italian Canned,152.99,164,5
"Mushroom - Shitake, Fresh",247.68,120,5
"Mushroom - Enoki, Fresh",216.46,182,2
Cheese - St. Andre,154.76,100,4
"Halibut - Whole, Fresh",281.53,145,4
"Soup - Knorr, Ministrone",106.99,121,3
Bagel - Plain,83.76,146,2
Anchovy In Oil,139.69,146,3
Sausage - Breakfast,137.42,188,2
Appetizer - Escargot Puff,214.66,122,4
Ecolab - Hobart Washarm End Cap,210.78,135,1
Rice - Wild,268.44,187,5
Longos - Chicken Cordon Bleu,90.9,152,1
Beef - Ox Tongue,91.9,139,5
Container - Foam Dixie 12 Oz,33.43,189,5
Cod - Fillets,148.8,106,2
External Supplier,15.91,109,1
Oneshot Automatic Soap System,282.79,135,5
Cinnamon - Ground,56.32,119,1
Wine - Trimbach Pinot Blanc,22.78,196,5
Wine - Lamancha Do Crianza,22.47,137,2
Chocolate - Compound Coating,210.02,146,1
Cumin - Ground,230.39,142,2
Rice - 7 Grain Blend,273.72,144,5
"Veal - Round, Eye Of",212.18,116,2
"Salmon - Atlantic, No Skin",173.09,183,4
Crab Brie In Phyllo,90.15,128,5
Cake - French Pear Tart,21.69,103,4
Bread - Granary Small Pull,76.26,137,3
Island Oasis - Lemonade,152.01,113,1
Cabbage - Green,291.63,193,4
Quiche Assorted,199.18,102,2
Kiwano,154.09,184,3
"Tea - Darjeeling, Azzura",195.25,190,1
Plate Pie Foil,216.98,166,3
Milk - Condensed,44.99,138,4
Danishes - Mini Cheese,113.98,163,5
Glaze - Clear,215.8,188,2
Fennel - Seeds,265.27,139,4
Soup V8 Roasted Red Pepper,261.07,106,5
Contreau,163.07,104,3
Paste - Black Olive,282.8,139,2
Wine - Merlot Vina Carmen,12.83,143,3
Arrowroot,132.96,140,4
Pepperoni Slices,153.34,150,4
Bread - Burger,161.7,177,2
"Pasta - Penne, Lisce, Dry",14.87,152,3
"C - Plus, Orange",73.29,172,4
Jerusalem Artichoke,277.82,189,5
Beets - Golden,121.91,129,3
Kiwano,282.79,121,5
Swordfish Loin Portions,253.48,139,3
Longos - Chicken Wings,126.96,116,1
"Beef - Tenderlion, Center Cut",61.94,114,4
Flour - Rye,167.68,195,4
Wine - Crozes Hermitage E.,121.65,166,3
Beef Flat Iron Steak,268.21,137,1
"Sauce - Soya, Dark",204.4,172,1
Wine - Shiraz Wolf Blass Premium,46.73,181,5
Mahi Mahi,12.58,130,4
"Cheese - Brie, Cups 125g",66.56,195,1
"Wine - White, Pinot Grigio",34.01,175,5
Wine - Cave Springs Dry Riesling,115.49,139,2
Trueblue - Blueberry 12x473ml,241.45,144,2
Port - 74 Brights,231.42,109,1
Plastic Wrap,298.72,104,2
Couscous,25.65,180,2
Shrimp - Black Tiger 8 - 12,209.97,100,3
Langers - Mango Nectar,161.63,189,2
"Onions - Dried, Chopped",258.03,139,3
Beef - Top Sirloin,139.5,169,5
"Lobster - Baby, Boiled",286.46,121,5
Appetizer - Shrimp Puff,114.92,146,5
Tea - Herbal Orange Spice,286.12,121,2
"Squash - Pattypan, Yellow",271.57,102,1
Beer - Mill St Organic,44.7,167,3
Cheese - Asiago,86.53,173,4
Smoked Tongue,227.67,111,1
Puff Pastry - Slab,209.24,156,4
Clam - Cherrystone,209.72,128,2
"Oil - Truffle, Black",155.9,162,5
Asparagus - Frozen,177.45,137,1
"Sparkling Wine - Rose, Freixenet",206.26,139,3
Wine - Sogrape Mateus Rose,58.83,176,4
Tuna - Sushi Grade,48.19,181,1
Bols Melon Liqueur,12.31,175,5
Cafe Royale,209.87,152,4
Pasta - Cheese / Spinach Bauletti,59.69,118,1
Ecolab - Hobart Upr Prewash Arm,197.01,168,3
Soup Campbells Mexicali Tortilla,37.48,137,1
Beef - Striploin Aa,240.38,137,4
Dooleys Toffee,49.18,128,4
Bread Cranberry Foccacia,102.14,192,3
Soup - Campbells Beef Strogonoff,228.97,188,2
"Lobster - Baby, Boiled",281.83,163,5
"Nut - Walnut, Pieces",23.51,124,3
"Pepper - Black, Ground",101.49,178,3
Cake Slab,98.72,187,3
Vinegar - Cider,237.47,129,2
Pepper - Roasted Red,258.84,181,5
Liners - Baking Cups,263.64,149,4
Beets,299.96,154,2
Banana Turning,213.35,166,3
Ginger - Ground,257.27,184,1
Scampi Tail,54.37,103,4
Appetiser - Bought,145.18,146,3
Water - Green Tea Refresher,8.23,190,5
Kirsch - Schloss,151.32,119,3
Mini - Vol Au Vents,119.58,121,1
Momiji Oroshi Chili Sauce,173.32,130,1
Coffee Cup 16oz Foam,282.96,178,4
Muffin - Zero Transfat,169.82,105,3
Wine - Alicanca Vinho Verde,7.86,117,4
Brandy Apricot,64.75,198,2
Oil - Hazelnut,246.05,196,1
Anisette - Mcguiness,131.65,138,4
"Nut - Cashews, Whole, Raw",296.01,158,5
"Doilies - 10, Paper",246.95,185,2
Sole - Iqf,105.24,134,3
Dikon,283.0,126,5
Sprouts - China Rose,170.86,114,4
Mangostein,273.16,170,2
Wine - Redchard Merritt,58.37,102,4
Salt - Seasoned,152.81,168,1
Cheese - Stilton,288.18,160,1
Pastry - Plain Baked Croissant,296.89,199,2
Wine - Fat Bastard Merlot,239.03,152,4
Bread - Raisin Walnut Oval,92.26,156,3
"Pineapple - Canned, Rings",100.48,196,5
"Water - Mineral, Natural",201.74,185,1
"Rum - Spiced, Captain Morgan",226.23,117,2
Maple Syrup,73.25,183,4
Pears - Fiorelle,257.12,125,2
Cream - 10%,163.2,180,2
Truffle Cups - Red,252.22,193,2
"Juice - Apple, 1.36l",83.15,120,1
"Beef - Bones, Cut - Up",286.39,184,5
Pie Shells 10,7.67,101,1
Versatainer Nc - 9388,33.29,166,5
Sesame Seed Black,54.76,150,1
Potatoes - Mini White 3 Oz,65.99,115,1
Soup - French Can Pea,15.88,187,2
Sprouts - China Rose,20.54,178,4
Yukon Jack,76.4,196,3
Cheese - Fontina,182.38,113,3
"Bread - Bagels, Mini",146.01,194,3
Cocoa Feuilletine,216.49,169,3
"Sauce - Soya, Light",76.55,192,1
Mix - Cocktail Ice Cream,265.77,158,5
Lettuce Romaine Chopped,288.88,124,5
"Soup - Campbells, Cream Of",153.78,121,1
Tomatoes Tear Drop,229.13,139,5
Beans - Fava Fresh,266.59,169,1
Dragon Fruit,110.81,116,2
Cabbage - Red,115.34,144,2
Tofu - Firm,7.92,137,4
"Cheese - Havarti, Salsa",289.93,146,5
Vinegar - White,106.17,103,2
Cocktail Napkin Blue,103.78,199,4
Beef - Montreal Smoked Brisket,115.52,151,2
Quinoa,277.67,137,1
Pasta - Cheese / Spinach Bauletti,256.65,200,2
Tuna - Loin,281.06,102,2
Silicone Parch. 16.3x24.3,102.49,166,4
Beef - Kobe Striploin,267.54,195,3
Beets - Pickled,140.35,199,1
Chocolate Eclairs,297.99,199,2
Pastry - Butterscotch Baked,159.93,121,5
Appetizer - Veg Assortment,207.64,121,2
Sprouts - Brussel,105.63,124,2
Puree - Strawberry,214.95,198,1
Nantucket - 518ml,46.34,118,4
Nantucket Cranberry Juice,221.58,117,1
"Brownies - Two Bite, Chocolate",143.75,130,3
Gelatine Leaves - Bulk,266.78,166,1
Tobasco Sauce,103.19,141,2
Cheese - Cream Cheese,169.58,117,5
Flower - Potmums,45.23,136,1
Longan,193.95,128,3
Shrimp - 100 / 200 Cold Water,276.02,166,5
"Juice - Grapefruit, 341 Ml",261.33,199,4
Flavouring - Rum,56.21,180,3
Coffee - Hazelnut Cream,146.74,194,5
Sprouts - China Rose,229.3,156,1
Tofu - Firm,146.82,154,1
Pastry - Apple Muffins - Mini,15.03,131,3
Carbonated Water - Lemon Lime,146.34,134,2
Flavouring Vanilla Artificial,151.32,103,2
Wine - Valpolicella Masi,16.06,156,3
Crackers - Soda / Saltins,98.2,139,2
Soap - Mr.clean Floor Soap,79.33,138,4
Wine - Cousino Macul Antiguas,12.82,193,2
Tea - Black Currant,196.34,160,4
"Olives - Black, Pitted",189.89,104,4
Onions - Cippolini,178.74,186,1
Jam - Apricot,228.12,148,3
"Roe - Lump Fish, Red",138.22,104,1
Ecolab - Medallion,60.4,156,1
Wine - Baron De Rothschild,74.04,135,5
Wine - Beaujolais Villages,61.04,115,1
Jolt Cola,40.39,174,2
"Bread - White, Sliced",221.76,199,3
"Peas - Pigeon, Dry",53.86,161,5
Energy Drink - Franks Pineapple,210.48,101,2
Energy Drink Bawls,107.21,153,3
"Olives - Green, Pitted",100.58,161,3
Lighter - Bbq,111.7,186,5
Muffin Mix - Raisin Bran,130.88,136,4
Oven Mitts 17 Inch,83.12,115,4
Flower - Potmums,35.68,136,3
"Iced Tea - Lemon, 340ml",183.56,123,4
Oil - Macadamia,113.3,114,4
Appetizer - Mushroom Tart,76.52,150,3
Squash - Pepper,298.03,102,3
Pear - Packum,192.79,175,1
Duck - Breast,265.32,108,1
Tray - 12in Rnd Blk,186.48,109,1
"Tart Shells - Sweet, 4",298.22,165,5
Scallops - 20/30,201.38,185,4
Chips - Doritos,34.04,172,5
Sage - Rubbed,275.19,183,2
"Vermacelli - Sprinkles, Assorted",284.33,157,4
Veal - Insides Provini,232.03,131,3
Brandy Apricot,17.49,198,1
Filo Dough,242.75,176,5
Tomato - Tricolor Cherry,296.86,135,1
Truffle Shells - Semi - Sweet,97.86,114,4
Sausage - Meat,195.64,113,2
Pastry - Butterscotch Baked,289.4,197,2
Pasta - Ravioli,30.14,153,2
Creme De Banane - Marie,252.69,191,3
Appetizer - Chicken Satay,102.0,181,5
Chocolate - Milk Coating,93.36,133,3
Cheese - Parmigiano Reggiano,101.58,198,4
Shrimp - 150 - 250,147.44,161,5
Coriander - Ground,35.22,177,1
Pate - Cognac,180.83,170,2
"Wine - Magnotta, Merlot Sr Vqa",69.03,160,4
"Juice - Clam, 46 Oz",99.68,140,2
Cheese - Grie Des Champ,34.77,154,3
Tia Maria,254.7,195,4
Wine - Jafflin Bourgongone,126.9,192,4
Soup - Cream Of Broccoli,39.95,136,5
"Appetizer - Mini Egg Roll, Shrimp",146.25,172,5
Ginger - Crystalized,222.87,121,1
Barley - Pearl,45.86,187,4
Sausage - Breakfast,159.03,144,4
Macaroons - Two Bite Choc,182.59,161,5
Pastry - Chocolate Chip Muffin,283.4,190,4
Extract - Rum,221.58,109,5
Beans - Wax,131.33,141,5
Myers Planters Punch,73.01,193,3
Spinach - Spinach Leaf,222.16,160,1
Soup - Campbells Mac N Cheese,142.72,136,2
Red Cod Fillets - 225g,27.8,146,4
"Capon - Breast, Wing On",219.27,189,4
Wine - Peller Estates Late,35.62,102,1
Squash - Butternut,50.58,160,3
"Plate - Foam, Bread And Butter",99.86,103,4
Cattail Hearts,203.32,171,1
Sprouts - Brussel,62.85,144,2
Juice - Lime,130.66,184,3
Goulash Seasoning,117.49,135,5
Cheese - Feta,274.59,184,1
"Melon - Watermelon, Seedless",251.13,133,3
Curry Paste - Madras,11.42,121,5
Flour - Strong Pizza,213.17,176,4
"Carrots - Mini, Stem On",139.16,195,4
Cut Wakame - Hanawakaba,12.23,193,1
"Chicken - White Meat, No Tender",204.98,156,2
Bag Clear 10 Lb,98.39,149,4
Lettuce - Treviso,192.67,174,5
Cognac - Courvaisier,83.24,162,5
Crab - Meat,81.35,176,1
Cinnamon Rolls,94.69,165,2
Paste - Black Olive,108.82,182,2
Beer - Maudite,207.67,109,3
Dill Weed - Fresh,5.66,142,5
Contreau,105.91,164,1
V8 - Berry Blend,15.0,136,3
"Salsify, Organic",78.01,174,4
Tea - Herbal Sweet Dreams,197.99,105,3
Syrup - Monin - Blue Curacao,193.88,100,3
Compound - Orange,219.55,110,3
Meldea Green Tea Liquor,227.75,116,1
Coffee - Decafenated,124.83,189,3
Sauce - Cranberry,289.15,121,1
Scampi Tail,170.83,121,5
Corn - Mini,47.05,175,5
Papadam,118.59,105,4
Mountain Dew,150.59,140,5
Kippers - Smoked,71.14,170,4
Cut Wakame - Hanawakaba,150.67,198,5
Sauce - Alfredo,290.44,161,2
Ecolab - Balanced Fusion,102.91,125,1
Spinach - Packaged,292.94,131,5
"Pasta - Lasagna Noodle, Frozen",140.14,116,2
Bar Nature Valley,75.42,146,1
Pork - Shoulder,126.76,126,4
Southern Comfort,250.3,130,5
Eel Fresh,93.09,167,1
Flower - Commercial Spider,84.94,154,4
Jack Daniels,298.65,163,2
Cookie Dough - Oatmeal Rasin,118.23,150,1
Longos - Grilled Salmon With Bbq,6.1,145,1
Wine - Gewurztraminer Pierre,58.49,142,3
"Trout - Rainbow, Frozen",182.67,188,3
"Soup - Knorr, French Onion",267.54,140,4
Juice - Lime,286.15,155,4
"Rum - Cream, Amarula",6.89,144,1
Bread - Mini Hamburger Bun,218.37,103,4
Wine - Balbach Riverside,210.36,117,2
Squid - Breaded,115.72,131,5
Pork - Shoulder,42.17,146,1
Wonton Wrappers,133.54,121,2
"Pepper - Black, Crushed",229.8,137,4
Gelatine Powder,104.15,153,3
Irish Cream - Baileys,175.55,139,1
Kiwi Gold Zespri,157.39,107,3
"Syrup - Monin, Amaretta",141.2,136,2
Ice Cream - Chocolate,190.1,147,4
Oranges,32.96,187,2
Tuna - Sushi Grade,199.49,144,2
Cookies Oatmeal Raisin,229.17,146,1
Gatorade - Lemon Lime,269.19,165,3
Ham - Procutinni,125.35,135,2
The Pop Shoppe Pinapple,122.89,163,4
Rum - Mount Gay Eclipes,146.52,152,4
Sauce - Salsa,265.55,190,2
Wine - Vovray Sec Domaine Huet,124.01,191,5
Turnip - Mini,253.31,142,1
Wine - Maipo Valle Cabernet,194.55,109,3
Apron,183.8,111,3
Wine - Malbec Trapiche Reserve,240.37,151,3
Scrubbie - Scotchbrite Hand Pad,260.81,116,4
"Beef - Tenderlion, Center Cut",266.51,144,1
Beans - Green,34.32,112,1
Bok Choy - Baby,121.17,184,2
Grand Marnier,154.55,132,1
Beef Cheek Fresh,5.71,160,3
"Wine - Red, Pinot Noir, Chateau",234.24,115,1
Chocolate - Milk Coating,136.21,188,2
Pasta - Cheese / Spinach Bauletti,165.81,142,5
Fond - Neutral,55.59,126,5
Goulash Seasoning,72.35,184,2
Potatoes - Idaho 100 Count,298.34,142,1
Versatainer Nc - 8288,37.55,105,3
Lobster - Canned Premium,222.57,115,1
Juice - Apple Cider,155.34,141,5
"Pepper - Black, Whole",195.82,198,3
Pheasants - Whole,141.38,101,1
Soup Campbells Turkey Veg.,275.89,126,3
Tamarillo,124.78,197,5
Strawberries,259.2,100,1
Eggwhite Frozen,10.77,151,5
Alize Gold Passion,234.88,191,3
Port - 74 Brights,141.64,138,4
Table Cloth 91x91 Colour,274.31,149,5
Appetizer - Cheese Bites,295.3,156,2
"Artichoke - Hearts, Canned",147.21,161,4
Milk Powder,202.5,188,2
Sausage - Andouille,58.96,175,5
"Sauce - Gravy, Au Jus, Mix",101.91,125,3
Chocolate - Mi - Amere Semi,180.67,134,4
Syrup - Kahlua Chocolate,188.33,197,5
Beef - Ground Medium,195.85,145,4
Cornish Hen,114.26,188,2
Cranberries - Frozen,66.53,125,2
"Pesto - Primerba, Paste",114.5,199,3
Croissants Thaw And Serve,151.54,118,3
Onion Powder,84.45,186,4
Chicken - Tenderloin,261.96,152,5
Coffee - Irish Cream,281.53,150,5
Fudge - Chocolate Fudge,213.28,161,4
"Nut - Pecan, Pieces",283.48,142,4
"Pork - Bacon,back Peameal",153.36,188,5
Wine - Sogrape Mateus Rose,64.16,163,4
"Lamb - Pieces, Diced",223.04,119,5
Grapes - Black,297.71,157,1
"Pork - Loin, Bone - In",51.61,174,4
Soup - Campbells Broccoli,12.29,192,4
Huck White Towels,154.54,116,4
"Lobster - Tail, 3 - 4 Oz",284.49,142,5
Turnip - White,272.45,171,4
Tea - Apple Green Tea,35.03,145,2
Beans - Fine,7.52,109,3
Pepper - Sorrano,104.5,107,1
Wine - Clavet Saint Emilion,209.4,176,1
Steam Pan Full Lid,140.85,101,2
Oil - Sunflower,242.58,123,3
Apple - Custard,234.17,136,5
Wine - Beringer Founders Estate,199.98,156,2
Mushroom - Chanterelle Frozen,16.14,146,2
"Pepper - Chipotle, Canned",140.38,112,5
Cookies Almond Hazelnut,32.44,124,5
Cloves - Whole,106.71,100,3
Jello - Assorted,47.21,134,4
Assorted Desserts,61.26,181,5
Wine - Peller Estates Late,150.19,171,2
Apple - Macintosh,31.63,153,3
Paper - Brown Paper Mini Cups,203.16,120,3
Turnip - Wax,261.97,192,3
Juice - Ocean Spray Cranberry,77.07,128,4
Sauce - Chili,123.67,130,2
"Pork - Back, Short Cut, Boneless",291.59,160,5
"Pasta - Tortellini, Fresh",180.46,198,1
Nantucket - Kiwi Berry Cktl.,145.77,159,2
"Chicken - Thigh, Bone In",170.96,196,3
Dc - Frozen Momji,246.72,109,5
Spinach - Spinach Leaf,39.86,164,4
Trout Rainbow Whole,247.75,164,2
Wiberg Super Cure,171.01,126,5
"Plate - Foam, Bread And Butter",274.33,141,4
Cheese - Provolone,115.96,164,4
"Veal - Brisket, Provimi, Bone - In",72.0,102,2
Sugar - Fine,42.01,164,5
Eel - Smoked,55.18,188,4
Anisette - Mcguiness,5.3,176,3
Towel Multifold,231.58,120,3
"Schnappes - Peach, Walkers",33.6,163,3
